id,attention,progress-belief,progressbelief-recoded,humanprogress1,humanprogress2,humanprogress3,humanprogress4,inevitableprogress1,inevitableprogress2,inevitableprogress3,inevitableprogress4,humanprogress.mean,inevitableprogress.mean,moral-setback-example,humanintervention1,humanintervention2,humanintervention3,humanintervention4,divineintervention1,divineintervention2,divineintervention3,divineintervention4,humanintervention-mean,divineintervention-mean,crs-think,crs-believe,crs-services,crs-pray,crs-intervention,crs-mean,open-ended-why,gender - Selected Choice,gender - Prefer to self-identify: - Text,politics - Selected Choice,politics - Other - Text,age,religion,country,Choose one or more races that you consider yourself to be,"Are you of Spanish, Hispanic, or Latino origin?",religion-other
93,instructions,No,0,6,3,1,5,4,2,2,4,3.75,3,"Nike lobbying against the use of sweatshop labor in the Chinese province of Xinjiang, some have argued that it is slave labor.",6,6,3,3,5,5,5,4,4.5,4.75,2,2,1,2,2,1.8,"I somewhat disagree. Many times it doesn't matter if people did not work against it, if there is no true way to dissuade powerful forces, than it will persist but underground.",Man,,Moderate,,27,Agnosticism,United States of America,White or Caucasian,No,
60,instructions,Not sure,1,5,2,2,6,2,4,2,2,3.75,2.5,increasing societal hostility to free speech,2,2,2,2,2,2,1,2,2,1.75,2,1,2,1,1,1.4,"I don't agree with this because I think a lot of moral progress is the result of large-scale economic factors rather than individual activists. For example, as society gets richer, less privileged groups will be granted more rights simply because the society has less scarcity and more resources to share.",Woman,,Conservative,,36,Atheism,United States of America,White or Caucasian,No,
4,instructions,No,0,3,4,4,4,1,4,1,1,3.75,1.75,i dont believe in 'moral progress' or its inverse.,4,4,4,4,4,4,4,1,4,3.25,1,1,1,1,1,1,People acting in such a way that makes them believe the world is better will almost certainly be disagreed with by another group of people who see it as worse. ,Man,,Liberal,,25,,United States of America,Black or African American,No,
106,instructions,No,0,5,3,5,3,3,3,3,3,4,3,Russian president war on Ukraine,3,3,3,3,3,3,3,3,3,3,2,2,2,2,2,2,"No, since people still can actively work to make the world better, but there will always be someone in the higher force to prevent that. Money will always still be the number one option to take",Man,,Conservative,,30,Presbyterianism,United States of America,Asian,No,
120,instructions,Not sure,1,4,4,5,3,3,4,1,1,4,2.25,Donald Trump,4,1,1,1,1,1,4,4,1.75,2.5,3,1,1,1,1,1.4,"I don't know that morality, however a certain culture defines it, is natural or beneficial.",Man,,Very liberal,,41,Atheism,United States of America,White or Caucasian,No,
85,instructions,Yes,2,4,3,5,5,5,4,5,5,4.25,4.75,"Buying stuffs online without going to the stores, It increased a lot of scams, which is blocking progress in that industry",4,6,5,4,4,4,5,6,4.75,4.75,3,3,3,3,3,3,"This is true because, continues work bring about progress.",Man,,Very conservative,,74,Catholicism,United States of America,White or Caucasian,No,
45,instructions,Not sure,1,6,3,3,5,4,4,4,6,4.25,4.5,I think some of the attitudes towards men has not always been the most moral even going backwards as far as sexism goes,6,6,5,4,1,1,1,1,5.25,1,1,2,1,1,5,2,Not sure that activism creates moralism I don't think they're necessarily connected,Man,,Moderate,,54,Judaism,United States of America,White or Caucasian,Yes,
143,instructions,No,0,4,5,5,3,3,4,4,2,4.25,3.25,Roe v. Wade,4,4,5,4,1,1,1,1,4.25,1,1,1,1,1,1,1,"I believe in nature and we are not following the rules of nature so even though we think we are being moral, we do not always follow the rules of nature. Nature dictates that the strong will survive and given our animal instincts we somewhat react in a way to ensure the survival of the healthiest or strongest genes will be passed on. But recently it was decided that a pregnancy cannot be terminated and will result in more of the faulty genes being passed on. If we all worked together, then woman can have a say in what they do with their bodies and sometimes a pregnancy needs to be terminated. Morally to some it is wrong but for the optimal survival of the human species, morality is not really a thing. ",Woman,,Moderate,,48,Atheism,United States of America,Asian,No,
121,instructions,No,0,5,2,5,5,2,2,2,1,4.25,1.75,Rejecting rights of LGBTQ+ people,7,6,5,6,1,1,1,1,6,1,1,1,1,1,1,1,Morality differs according to a person's personal beliefs. What may be considered moral/immoral to one person or group of people may not apply to others.,Woman,,Very liberal,,61,Agnosticism,United Kingdom of Great Britain and Northern Ireland,White or Caucasian,No,
41,instructions,Yes,2,5,4,4,5,5,6,5,4,4.5,5,"Many areas in the world are under attack, but I am thinking of Sudan with war as well as an earthquake. ",5,3,3,3,5,1,3,1,3.5,2.5,4,4,4,4,3,3.8,"I think we, as humans, are on an evolutionary course where it isn't the fittest who survive, it is the people who get along and try to peacefully work towards better solutions.  So it might be said, the friendliest survive.  If this is true, than we can expect good to continue to thrive as war and hatred will condemn themselves. ",Woman,,Liberal,,68,Non-denominational Christianity,United States of America,White or Caucasian,No,
64,instructions,Yes,2,5,4,3,6,5,5,5,3,4.5,4.5,war in Ukraine,4,2,1,1,6,6,3,4,2,4.75,5,5,3,5,5,4.6,I think moral progress occurs on an individual basis,Woman,,Conservative,,66,Non-denominational Christianity,United States of America,White or Caucasian,No,
101,instructions,Yes,2,5,6,3,4,5,4,4,4,4.5,4.25,people are still very racist,4,4,4,4,5,5,4,4,4,4.5,3,4,4,4,4,3.8,"without effort, people may revert to more primal behavior",Man,,Very liberal,,33,Non-denominational Christianity,United States of America,White or Caucasian,No,
63,instructions,Not sure,1,5,5,3,5,5,4,4,3,4.5,4,Donald Trump promoted racism,5,5,4,2,1,3,1,1,4,1.5,2,3,1,2,2,2,I think people act out of self interest. I think democracy and capitalism make people act in a way that improve morality. ,Man,,Moderate,,54,Agnosticism,United States of America,White or Caucasian,No,
89,instructions,Not sure,1,5,5,4,4,3,4,3,6,4.5,4,kids being put on hormone blockers,5,6,6,4,5,6,5,4,5.25,5,5,5,5,4,4,4.6,"Yes and no. We all make choices that can have an effect, but we are all also messed up and unable to see our own selfishness. What we think is ""moral"" may not be shared by those who come after us. ",Man,,Conservative,,43,Non-denominational Christianity,United States of America,White or Caucasian,No,
100,instructions,No,0,6,3,3,6,2,4,2,3,4.5,2.75,"Drug addiction, so many people using openly and doing whatever they need to to survive, hurting themselves and many others along their way.",5,5,5,6,3,3,3,1,5.25,2.5,3,4,2,3,3,3,"Some people only see things that effect them, they may not know a homeless person or an addict. People speaking out may help bring more help to those who need it.",Woman,,Liberal,,59,Spiritual but no religion,United States of America,White or Caucasian,No,
98,instructions,No,0,6,4,3,5,1,2,1,2,4.5,1.5,Child gender transitioning ,7,6,6,6,7,5,7,4,6.25,5.75,5,5,5,5,4,4.8,"I think the question is confusing, as I believe the Princeton view on ""moral progress"" is quite different than mind. I do believe that man is fallen and naturally trends toward depravity if they have not called upon the name of the Lord for salvation. ",Man,,Very conservative,,30,Baptist,United States of America,White or Caucasian,No,
12,instructions,Yes,2,6,1,7,5,6,4,6,7,4.75,5.75,The strong do not help the weak,6,5,5,5,5,7,6,6,5.25,6,4,4,4,4,3,3.8,"Believe that the world needs people's active efforts to make the world a better place, and morality can progress",Woman,,Conservative,,42,Non-denominational Christianity,United States of America,White or Caucasian,No,
43,instructions,Not sure,1,6,4,4,5,4,4,6,6,4.75,5,4 kids shoot up a birthday party and 4 die 30 injured.,4,6,4,4,6,6,6,6,4.5,6,3,4,1,3,3,2.8,people need to try harder to care.,Man,,Moderate,,46,Spiritual but no religion,United States of America,"White or Caucasian,American Indian/Native American or Alaska Native",No,
112,instructions,Yes,2,4,5,6,4,6,6,5,3,4.75,5,train derailments,4,4,3,5,5,5,4,4,4,4.5,3,5,4,3,4,3.8,"Yes, someone has to do the work to make progress happen",Man,,Liberal,,31,Catholicism,United States of America,Black or African American,No,
29,instructions,Yes,2,6,4,3,6,5,5,5,4,4.75,4.75,transgenders and their actions to make it a better place for them and them alone.,2,2,1,1,2,1,1,1,1.5,1.25,1,3,2,2,1,1.8,I believe it is true to some degree. I think to some it becomes obvious what is moral or not based on history and doesn't require active work,Woman,,Moderate,,24,Catholicism,United States of America,White or Caucasian,Yes,
113,instructions,Yes,2,6,5,5,3,5,4,4,5,4.75,4.5,Shooting at a school,5,4,4,4,4,5,4,3,4.25,4,3,3,2,3,3,2.8,"Yes because if we do not actively work to make the world better, then we would not be succeeding and improving ourselves and our moral progress. ",Woman,,Moderate,,28,Non-denominational Christianity,United States of America,White or Caucasian,No,
11,instructions,No,0,6,5,3,5,4,3,4,5,4.75,4,The Boston marathon bombing,6,3,4,2,6,6,4,4,3.75,5,5,5,5,4,4,4.6,"Yes, I believe itâ€™s true, people need to work to make things better",Woman,,Conservative,,66,Mormonism (Latter Day Saints),United States of America,White or Caucasian,No,
136,instructions,Not sure,1,6,5,3,5,3,5,3,5,4.75,4,Allowing trans-women to compete with biological women is a bizarre example of a step backwards with regards to women's rights.,7,7,7,7,6,3,4,7,7,5,5,5,5,4,4,4.6,Revelations tells us that the lack of moral progress will bring on the events described by John in this chape of the bible.  The moral progress will not occur in the current world bur in the New Jerusalem.  Evil will rule the world at the end until Jesus returns.,Man,,Very conservative,,76,Non-denominational Christianity,United States of America,White or Caucasian,No,
147,instructions,No,0,6,5,1,7,4,3,4,5,4.75,4,"BLM to start. Burning down cities and attacking people because their white, in order to create a society that is less racist towards black people, all the while being racist as hell. Then blaming white people because they leave ""white flight"", but what did you expect them to do when you burnt down their business, then promote black owned businesses.  Pronouns. LGBTQ+. Grooming children who are normal to change their gender and mutilate their bodies.  How is any of this morally acceptable or considered progress? Being respectful to your neighbor/people in your community regardless of race or sexual orientation is where it starts. ",6,4,4,4,4,4,4,4,4.5,4,2,2,1,4,2,2.2,Yes I believe this to be true. You cant sit there and wait for a higher power to appear to make things better. It starts with us. It starts with getting to know other people and having a mutual respect. There's always going to be people you don't like from other groups including your own. That doesn't mean you need to dismiss the entire group. ,Man,,Moderate,,43,Other,United States of America,White or Caucasian,No,I would probably fall along the lines of Agnostic leaning towards Christianity. I do pray before bed.  
37,instructions,No,0,5,5,5,4,3,4,4,4,4.75,3.75,2016 US Presidential Election,6,6,5,5,2,2,1,4,5.5,2.25,4,4,3,3,4,3.6,"I think this is true because people are the driver for change.  Without people standing up to make a change, there would be no need for moral progress to occur.",Woman,,Liberal,,33,Orthodox,United States of America,White or Caucasian,No,
142,instructions,Yes,2,5,5,3,6,2,5,4,4,4.75,3.75,racism and fairness inside the US police departments accross the country  about the treament of african americans ,5,5,3,6,4,3,3,5,4.75,3.75,3,4,2,4,2,3,"i believe that there are good and evil people in this world ,if good people did not work  harder than  evil people will take the world sending people back to the dark age",Woman,,Liberal,,39,Catholicism,United States of America,Black or African American,No,
39,instructions,Not sure,1,7,4,4,5,6,5,6,6,5,5.75,Riots of 2020,4,4,5,5,1,1,1,1,4.5,1,1,1,1,1,1,1,"Human input is required by default for morality to 'progress', but I feel like this is something that mostly happens on its own over time. Any active pursuit only potentially expedites it.",Man,,Moderate,,25,Atheism,United States of America,White or Caucasian,No,
90,instructions,No,0,5,5,5,5,3,5,5,7,5,5,sex trafficking,6,6,6,5,6,6,6,6,5.75,6,5,5,4,5,5,4.8,We must work to change ourselves and better the world around us or change will not happen. What we do or don't do now impacts the future for good or ill. So yes we must actively work to make the world better by the actions we take. ,Woman,,Conservative,,34,Non-denominational Christianity,United States of America,White or Caucasian,No,
13,instructions,Yes,2,5,5,4,6,5,6,4,4,5,4.75,Chevron has had accurate climate models showing the negative effects of human induced climate change for decades on kept their findings secret.,6,2,3,2,1,1,1,2,3.25,1.25,2,4,1,3,3,2.6,"Morality is a human issue, humankind as a whole defines it. If humans worked in the opposite direction of morality, we would not be forced to change direction.",Man,,Other,Progressive left,41,Other,United States of America,"White or Caucasian,Asian",No,Luciferian
33," Banana, while someone else prefers a pineapple.",Yes,2,6,5,5,4,5,4,4,5,5,4.5,Think about something that has happened in the real world recently that has set back progress or blocked it from occurring.,4,5,3,5,5,4,3,5,4.25,4.25,4,4,3,3,3,3.4,Yes,Woman,,Liberal,,26,Catholicism,United States of America,White or Caucasian,No,
135,instructions,No,0,6,6,2,6,5,5,5,3,5,4.5,Movements that become too big and lose sight of their plan.  Or when people belonging to that movement start to act out of self interest and make the movement less inportant.  By doing this they also cause the general population to dissagree with them more and like them less.  Which causes moral progress to slow in our country,5,5,5,3,5,6,5,6,4.5,5.5,3,5,2,5,2,3.4,"People have to do their part to make the world around them better.  But while doing so, they can't start to think about only themselves. ",Man,,Liberal,,40,Non-denominational Christianity,United States of America,White or Caucasian,Yes,
148,instructions,No,0,6,5,3,6,3,5,5,5,5,4.5,palestine occupation,3,6,6,5,3,5,5,5,5,4.5,3,4,4,4,4,3.8,yes it absolutely true,Man,,Conservative,,45,Catholicism,United States of America,White or Caucasian,No,
105,instructions,Yes,2,6,5,4,5,4,5,4,4,5,4.25,war,5,4,4,4,5,4,4,4,4.25,4.25,3,5,2,2,4,3.2,"yes , its up to each person to make a change",Woman,,Moderate,,52,Other,United States of America,White or Caucasian,No,none
80,instructions,Not sure,1,5,5,5,5,5,3,5,3,5,4,Womens right to choose,7,5,5,6,1,1,1,1,5.75,1,3,4,1,3,3,2.8,people need to stand up for what they believe and hope that it helps,Woman,,Liberal,,47,Lutheran,United States of America,White or Caucasian,No,
81,instructions,No,0,7,4,4,5,3,3,3,3,5,3,"Just listen to the news with daily reports of crime, illegalities, protests, looting - none of that is moral and gets worse every day.  Morality is a thing of the past.",3,4,7,2,4,5,5,4,4,4.5,3,4,2,4,3,3.2,"The important part of that statement is ""IF"" - there are so many people who do not work towards morality today.  If they did, yes, things would improve.",Woman,,Very conservative,,70,Methodist,United States of America,White or Caucasian,No,
50,instructions,No,0,6,6,2,6,1,2,1,7,5,2.75,The legalization of homosexual marriage. ,7,6,6,7,6,6,7,5,6.5,6,5,5,4,4,4,4.4,I agree because the father of lies is constantly working to make sure that moral progress doesn't occur. We have to continually fight against him and his agenda to progress morally. ,Man,,Very conservative,,32,Mormonism (Latter Day Saints),United States of America,White or Caucasian,No,
116,instructions,No,0,6,6,3,5,1,2,1,4,5,2,Russia's invasion of Ukraine seems like something that might have happened 50 or 100 years ago.,3,4,3,2,1,2,1,2,3,1.5,3,2,2,1,2,2,"Yes, I think so. Morality is a human construct, so if people did not pay certain attention to it, I think it's silly to think it would have any sort of 'progress'.",Man,,Conservative,,32,Catholicism,United States of America,White or Caucasian,No,
99,instructions,Not sure,1,5,5,5,5,1,3,2,1,5,1.75,Massachusetts law regarding non-profit organizations: Your organization must be a tax-exempt non-profit. At least 51% of the organization's Board of Directors and Voting Membership must be women and/or members of one of our statutorily defined minority groups. The same Board of Directors and Voting Membership must control the NPO's daily and long-term operations.,7,7,7,7,1,1,1,1,7,1,3,3,2,2,2,2.4,Yes. Cause and effect applies here. You need a cause (people working to make the world better) to have an effect (moral progress). I also believe the idea of moral progress is very subjective. Many people would see the example about NPOs that I referenced previously as a good thing. Putting down white males is seen as necessary and is even celebrated by many when at the end of the day it is clear cut discrimination and is NOT moral progress. ,Man,,Conservative,,30,Catholicism,United States of America,White or Caucasian,No,
104,instructions,Yes,2,6,5,4,6,7,6,6,5,5.25,6,I think moral progress has been really low with regards to drag queens being targeted by the right wing. ,3,4,5,5,4,4,4,4,4.25,4,1,5,1,5,3,3,I just think this is a reasonable thing to believe given what moral progress needs to exist.,Man,,Very liberal,,33,Catholicism,United States of America,White or Caucasian,Yes,
149,instructions,Yes,2,6,5,5,5,4,6,7,5,5.25,5.5,"the different races, throughout history racism has decreased significantly",5,6,5,3,5,5,5,6,4.75,5.25,3,4,3,3,3,3.2,"all people must work for the common good,",Man,,Liberal,,33,Catholicism,United States of America,White or Caucasian,No,
40,instructions,Yes,2,6,4,6,5,5,6,4,4,5.25,4.75,Roe vs Wade,6,5,2,5,1,1,1,1,4.5,1,1,4,1,3,4,2.6,"I think that most people can not affect change through their words, but only through their pocketbooks.  Boycotting businesses will help bring change faster.",Woman,,Moderate,,43,Catholicism,United States of America,White or Caucasian,No,
97,instructions,Not sure,1,6,6,4,5,5,5,5,4,5.25,4.75,blm vandalism and rioting ,4,5,4,4,4,4,3,4,4.25,3.75,2,3,1,3,3,2.4,it is true because we cant just not change and expect stuff to change ,Woman,,Liberal,,28,Other,United States of America,White or Caucasian,No,spiritual 
144,instructions,Not sure,1,5,7,4,5,5,5,5,3,5.25,4.5,"Russian war on Ukraine (which started in 2014 with lies from putin/Yanukovich --brainwashing the Russian people into thinking that it's a righteous war), causing the killing of tens of thousands of Ukrainians and even Russians (who believed all the immoral brainwashing from Putin)",7,7,5,6,1,1,1,1,6.25,1,3,3,1,3,1,2.2,"What has been going on in Russia for decades is a good example of this. There are some people who are actively trying to make things better, but, by and large, Putin has squelched descent to the point that it's kept the number of htose people down. Instead, the people there (not all, but large numbers of them) actively do nothing in order to make their own country and the world at large better. So, moral progress is not being made. The amount of corruption (everything from oligarchs stealing, down to even people on their own street stealing and hurting others just to make ends meet) is massive. Moral progress is barely occurring there, and won't until they stand together collectively",Woman,,Conservative,,54,Methodist,United States of America,White or Caucasian,No,
54,instructions,No,0,5,6,4,6,3,5,4,5,5.25,4.25,racism,6,6,6,5,6,6,6,4,5.75,5.5,4,5,4,4,3,4,I think it is true. I feel that people have created this immoral world and we need to fix it.,Man,,Conservative,,48,Non-denominational Christianity,United States of America,White or Caucasian,No,
32,instructions,Not sure,1,5,6,5,5,4,4,4,4,5.25,4,Abortion laws,3,3,4,6,1,1,1,2,4,1.25,2,4,2,4,2,2.8,Yes because people need to take action together and to raise awareness for things to improve ,Man,,Moderate,,24,Catholicism,United States of America,Asian,No,
58,instructions,Not sure,1,6,6,4,5,3,5,4,4,5.25,4,Shootings in the United States because people are allowed to have weapons.,5,3,4,4,1,1,1,1,4,1,1,1,1,1,1,1,"Yes, and no. People in power are really the ones who have influence with this. And yet there are so many horrible, corrupt people in power. ",Woman,,Very liberal,,66,Other,United States of America,White or Caucasian,No,Armenian Apostolic
25,instructions,No,0,6,4,5,6,3,4,4,4,5.25,3.75,race relations,6,6,6,6,6,3,3,4,6,4,4,4,4,4,4,4,I agree because it takes people to make moral progress.,Woman,,Moderate,,22,Non-denominational Christianity,United States of America,Black or African American,No,
14,instructions,Not sure,1,6,4,5,6,3,5,4,2,5.25,3.5,Making abortion illegal,6,5,2,2,1,1,1,2,3.75,1.25,3,2,2,2,2,2.2,"If everyone went along with the status quo, where is the incentive to change? Over centuries, brave people have stood up for change. It does not happen by itself.",Woman,,Liberal,,64,Agnosticism,,White or Caucasian,No,
76,instructions,Yes,2,6,4,5,6,3,5,3,3,5.25,3.5,Roe v Wade being overturned,6,5,4,4,1,1,1,1,4.75,1,3,2,1,1,1,1.6,"I think that people have to work to make it better, but who really knows if it would occur or not. It's almost impossible to tell.",Man,,Liberal,,33,Agnosticism,United States of America,White or Caucasian,No,
23,instructions,Not sure,1,7,7,1,7,7,5,7,7,5.5,6.5,Some people in the government are pushing to celebrate sodomy.,5,1,1,1,7,7,7,7,2,7,5,5,5,5,5,5,I believe it is true but people's actions may not always have intended consequences,Man,,Very conservative,,41,Catholicism,United States of America,Black or African American,No,
91,instructions,Yes,2,7,2,6,7,6,7,6,6,5.5,6.25,Overturning Roe V Wade,7,7,7,6,1,1,1,1,6.75,1,4,2,5,2,3,3.2,"I do believe this is true, we all stand on the shoulders of past generations in all things.",Woman,,Very liberal,,39,Agnosticism,United States of America,White or Caucasian,No,
57,instructions,Yes,2,6,5,5,6,6,6,6,6,5.5,6,Allowing people to have guns,6,6,6,6,6,4,6,6,6,5.5,4,5,5,4,4,4.4,"Yes, because we need action to make something happen.",Woman,,Moderate,,43,Mormonism (Latter Day Saints),United States of America,"White or Caucasian,Asian",No,
84,instructions,Yes,2,6,5,5,6,5,6,5,6,5.5,5.5,War in Ukraine ,5,5,5,6,5,5,6,6,5.25,5.5,4,5,4,4,4,4.2,Yes this is true because morality is based on human actions.,Man,,Liberal,,24,Islam,United States of America,Asian,No,
10,instructions,Yes,2,5,6,5,6,5,6,5,4,5.5,5,the war between ukraine and russia,5,4,6,5,3,3,2,5,5,3.25,3,4,2,3,3,3,"I believe that it happens due to people actively taking the steps to do better, choose better, and be a better human. Otherwise people would just do whatever and eventually it would be a mess of fights and injustice happening.",Woman,,Liberal,,33,Baptist,United States of America,White or Caucasian,No,
66,instructions,Yes,2,6,5,5,6,4,6,5,5,5.5,5,I'm thinking about the recent legislation some states are passing that make performing as a trans person in public illegal.,6,6,5,4,1,1,1,1,5.25,1,2,1,1,1,1,1.2,"I believe this is somewhat true. I would believe more strongly if ""actively working to make the world better"" was the exclusive reason for moral progress, but it isn't. I think things like empathy, education, personal experience, and so on also contribute. People come to places of understanding on their own as well.",Man,,Liberal,,37,Atheism,United States of America,White or Caucasian,No,
114,instructions,Yes,2,5,6,6,5,4,6,5,5,5.5,5,Moral progress hasn't occurred when people constantly bring up race as a political tool and make it seem a worse problem than in actuality. There's seems to be a larger divide now than in the past decades as it's now a tool to persuade individuals to side with a particular group.,5,3,3,3,4,7,6,6,3.5,5.75,3,4,3,3,3,3.2,"The best way to improve the morals in the world is to teach one's children from one's past mistakes and experiences, encouraging an improvement over their own choices.",Man,,Conservative,,37,Pentecostalism,United States of America,"White or Caucasian,American Indian/Native American or Alaska Native",No,
138,instructions,Yes,2,6,6,5,5,5,6,4,4,5.5,4.75,The election of an unethical person like Donald Trump as president seems to have given a large group of people permission to be their worst in terms of morality.,5,2,3,2,1,1,1,2,3,1.25,2,3,1,2,2,2,The concept of morality relies on the actions of people.  Moral progress cannot occur without the average morality of the general population changing.  Change for the better cannot happen without effort.  ,Man,,Moderate,,44,Agnosticism,United States of America,White or Caucasian,No,
8,instructions,Yes,2,6,3,6,7,5,7,3,3,5.5,4.5,Roe v Wade repealed  ,7,5,5,5,1,1,1,1,5.5,1,3,1,1,1,1,1.4,"I think generally over a long period of time moral progress will occur regardless of active work. It will help progress happen faster, but to some degree it is inevitable.",Woman,,Very liberal,,22,Atheism,United States of America,"White or Caucasian,Black or African American,American Indian/Native American or Alaska Native",Yes,
74,instructions,Yes,2,5,6,6,5,4,6,4,4,5.5,4.5,human trafficking,4,4,4,4,1,1,1,1,4,1,1,1,1,1,1,1,"I do think that it is true.  People have been working hard and giving up their life to ensure that people are treated equally and fairly.  People fought for blacks to have the same rights as whites.  Women fought to have the same rights and freedoms as men.  If no one took on these issues, then we would still have segregation and women would still be stuck at home.",Woman,,Liberal,,40,Atheism,United States of America,White or Caucasian,No,
22,instructions,Not sure,1,6,6,5,5,4,4,6,3,5.5,4.25,the banning of speaking about gay matters in school ,7,7,4,7,1,1,1,1,6.25,1,1,1,1,1,1,1,yes,Woman,,Liberal,,36,Catholicism,United States of America,White or Caucasian,No,
5,instructions,Yes,2,6,5,6,5,3,6,4,3,5.5,4,Roe vs Wade being overturned by the US Supreme Court ,6,5,5,5,1,1,1,1,5.25,1,3,1,1,1,1,1.4,"There are always going to be people who are not moral in power. If normal people do not work to make the world a better place, moral progress would not occur because other things like money would take priority. ",Man,,Liberal,,35,Agnosticism,United States of America,White or Caucasian,No,
79,instructions,No,0,6,6,5,5,4,5,2,4,5.5,3.75,The election of Donald Trump in 2016.,7,7,5,4,1,1,1,1,5.75,1,1,1,1,1,1,1,Only people can affect moral progress otherwise there would be no progress of anything.,Woman,,Liberal,,60,Agnosticism,United States of America,White or Caucasian,No,
21,instructions,Not sure,1,5,6,6,5,3,5,3,3,5.5,3.5,the negative reactions of some segments of society to transpeople,7,6,4,5,1,1,1,1,5.5,1,1,1,1,1,1,1,"I do. It's really easy to let things ""slide"" so if people aren't working actively to press for equal rights, improvements in how we treat each other, etc, I don't think it would happen.",Woman,,Liberal,,36,Atheism,United States of America,White or Caucasian,No,
52,instructions,Not sure,1,6,6,5,5,3,4,3,4,5.5,3.5,"Propaganda and censorship of information from private companies in the US, largely, social media companies.",5,5,3,3,4,2,3,4,4,3.25,5,3,3,3,3,3.4,"I feel that ""morality"" itself describes people's behaviors. If people are not acting in moral ways, how can we even claim that moral progress would occur? Yes, I believe that moral progress requires moral action, so I agree with this statement.",Woman,,Moderate,,34,Agnosticism,United States of America,White or Caucasian,No,
34,instructions,Yes,2,6,6,5,5,3,5,3,2,5.5,3.25,War in Ukraine,2,2,3,2,2,5,5,2,2.25,3.5,3,5,3,3,3,3.4,"Because people are the ones who are either moral or unmoral, so they have to be the ones to make a change",Man,,Moderate,,21,Lutheran,United States of America,White or Caucasian,No,
129,instructions,No,0,5,6,5,6,1,4,2,1,5.5,2,The Russian attack on Ukraine demonstrates that peace does not exist and that powerful nations will still kill those in other countries to get what they want.,7,5,6,7,1,1,1,1,6.25,1,2,1,1,1,1,1.2,"I believe it is true because if nothing is questioned then nothing can change.  The very nature of what is moral must be constantly examined and it must be spoken about in media, communications to officials in order for any change to occur.",Man,,Liberal,,60,Atheism,United States of America,White or Caucasian,No,
51,instructions,Not sure,1,6,7,6,4,6,6,6,7,5.75,6.25,wars between countries,1,5,4,4,1,1,4,1,3.5,1.75,1,1,1,1,1,1,,Woman,,Conservative,,51,Atheism,United States of America,White or Caucasian,Yes,
140,instructions,Yes,2,6,6,5,6,6,6,6,6,5.75,6,People going against gay marriage ,5,6,6,2,5,1,5,1,4.75,3,2,2,1,1,1,1.4,I agree for the most part because people need to work toward late something to improve the situation,Woman,,Liberal,,33,Atheism,United States of America,White or Caucasian,No,
146,instructions,Yes,2,6,5,6,6,7,6,5,6,5.75,6,I would say the Supreme Court reversing course on the abortion ruling.,6,6,5,3,5,4,4,5,5,4.5,3,5,3,3,4,3.6,"Yes. If no one worked on making the world better, I would think that progress would not get made. It also helps inspire people and snowballs into something positive. ",Man,,Liberal,,26,Non-denominational Christianity,United States of America,White or Caucasian,No,
130,instructions,Yes,2,7,5,5,6,6,6,5,6,5.75,5.75,Seeing the looting of stores in Chicago and the people responsible makes me thing the progress has stalled.,5,5,3,4,1,1,1,4,4.25,1.75,2,2,2,3,2,2.2,"I think it is true because we can't just sit back and expect progress to be made by others, we have to engage in it ourselves.",Man,,Conservative,,48,Atheism,United States of America,White or Caucasian,No,
7,instructions,Yes,2,6,5,6,6,5,6,6,4,5.75,5.25,Overturning of Roe v. Wade and states like Texas thus banning abortions and creating tip hotlines to have people rat each other out.,7,5,6,6,1,1,1,1,6,1,2,1,1,1,1,1.2,"I think this is true because morality is inherently a human attribute that requires human action or inaction to be judged. If people who work on making the world better stop working, then either no progress will be made, or those who are working immorally will supersede those who are moral.",Woman,,Very liberal,,25,Atheism,United States of America,White or Caucasian,No,
26,instructions,Yes,2,6,6,4,7,5,5,5,5,5.75,5,Taking away a woman's right to govern her own body by choosing abortion.,7,7,5,5,2,1,1,2,6,1.5,2,5,3,5,3,3.6,"I do believe this is true. Ignorance and stupidity exist in high percentages when it comes to certain issues, and without giving the people giving those issues a voice, there would likely be no change for the better.",Woman,,Moderate,,33,Baptist,United States of America,White or Caucasian,No,
137,instructions,No,0,6,7,5,5,4,5,5,5,5.75,4.75,trans rights,7,5,7,6,5,1,1,1,6.25,2,1,1,1,1,1,1,i belive so as it all comes from the people and how they treat eachother morally based on alot of things,Non-binary,,Very liberal,,21,Agnosticism,United States of America,Other,Yes,
115,instructions,Yes,2,6,5,6,6,2,5,4,6,5.75,4.25,Transphobic legislation,7,6,4,5,2,1,2,2,5.5,1.75,2,2,2,2,2,2,Active efforts to change behavior are required to form social norms and hence morality.,Non-binary,,Liberal,,21,Agnosticism,United States of America,White or Caucasian,No,
83,instructions,Not sure,1,6,6,5,6,2,4,4,6,5.75,4,A case where a person was murdered and the murderers haven't been punished ,7,4,4,6,7,7,4,4,5.25,5.5,5,5,3,5,5,4.6,Because  we can choose to value Justice  and we can choose to neglect it,Woman,,Moderate,,28,Other,United States of America,Black or African American,No,Jewish/Christian mixture 
47,watermelon,No,0,6,6,5,6,3,6,2,3,5.75,3.5,The war in Ukraine and other wars still continuing in this world. as if we have not learned anything from history,6,6,6,6,5,3,5,4,6,4.25,5,5,5,5,5,5,"I think people need to be held accountable for actions that are not moral, if not, it continues",Woman,,Liberal,,67,Catholicism,United States of America,White or Caucasian,No,
102,instructions,Yes,2,6,6,5,6,2,5,4,3,5.75,3.5,abortion laws,6,5,6,4,4,3,2,4,5.25,3.25,3,5,1,4,3,3.2,if people lead from example then no. if nothing is done to help make it better i think the world might turn into chaos,Woman,,Liberal,,37,Spiritual but no religion,United States of America,White or Caucasian,No,
103,instructions,Not sure,1,6,6,6,5,3,4,4,3,5.75,3.5,Abortions are being outlawed for women,5,5,5,5,1,1,1,1,5,1,1,1,1,1,1,1,"Entropy exists. I'm a lazy SOB, but we do have to actively work at things to better them, if not it will fall apart",Man,,Very liberal,,31,Atheism,United States of America,White or Caucasian,No,
111,instructions,No,0,7,7,5,4,4,4,3,3,5.75,3.5,all the racial injustice lately,7,7,4,4,1,1,1,1,5.5,1,1,1,1,5,1,1.8,Because moral progress is not going to happen on its own.  We as people need to all contribute to it. ,Woman,,Liberal,,40,Atheism,United States of America,White or Caucasian,No,
118,instructions,No,0,6,7,3,7,4,3,5,2,5.75,3.5,Taking God out of schools.,7,7,7,7,7,7,7,7,7,7,5,5,4,5,5,4.8,"Yes, this is true. If people don't act in a morally good way and don't believe in good morals, then the moral progress will continue to digress.",Woman,,Very conservative,,57,Non-denominational Christianity,United States of America,White or Caucasian,No,
19,instructions,No,0,6,6,5,6,3,3,3,3,5.75,3,making abortion illegal ,7,7,7,7,1,1,1,1,7,1,2,4,1,2,2,2.2,There is a lot of evil in the world. The good people need to make themselves visible and vocal to keep evil people from advancing their agenda.,Woman,,Very liberal,,64,Other,United States of America,White or Caucasian,No,not religious
56,instructions,No,0,6,6,4,7,3,4,2,3,5.75,3,Putin.  That says it all.,4,5,2,2,7,6,6,5,3.25,6,5,5,3,5,5,4.6,"Morality is synonymous with humanity.  People make choices, animals live by instinct.  Every day, in every single thing that we each do, we have a choice.  A path to follow.  Towards good, or towards bad.  Seldom is the road not divided. ",Woman,,Moderate,,66,Non-denominational Christianity,United States of America,White or Caucasian,No,
109,instructions,Not sure,1,6,6,6,5,3,4,1,4,5.75,3,The right to an Abortion being overturned by the Supreme Court.,6,3,4,6,1,1,1,1,4.75,1,1,1,1,1,1,1,"I do not believe that God or a higher power will just intervene.  Therefore, it is up to us as a society to change things.",Man,,Liberal,,40,Atheism,United States of America,Black or African American,No,
127,instructions,No,0,7,6,5,5,2,4,3,3,5.75,3,The U.S. Supreme court taking away women's right to choose pertaining to abortions.,6,4,6,5,1,1,1,1,5.25,1,2,3,1,2,1,1.8,"Everyone has to be active for something to happen. If people do not do something, it won't happen. You can't wish for a plant to grow in the ground, you have to plant a seed and water it and weed around it and give it fertilizer to ensure it grows. Moral progress will not happen just because we want it to. People have to go out and fight for it because others are trying to enact their morals against it. it is a never ending struggle.",Man,,Moderate,,47,Agnosticism,United States of America,White or Caucasian,No,
42,instructions,No,0,7,6,5,5,2,5,2,2,5.75,2.75,Police killings of Blacks,6,4,4,3,1,1,1,4,4.25,1.75,3,2,2,4,2,2.6,Several religious books point to man's inherent wickedness and the step people take to battle it.,Man,,Conservative,,58,Agnosticism,United States of America,Black or African American,No,
139,instructions,Not sure,1,6,6,6,5,4,2,2,2,5.75,2.5,When ISIS took over much of the Middle East despite progress in an otherwise repressed area.,5,2,2,4,1,1,1,1,3.25,1,3,2,1,1,1,1.6,"Moral progress won't happen unless people make an effort. However, it's not a single person's effort. It takes a collected effort over the course of years.",Woman,,Conservative,,34,Agnosticism,United States of America,White or Caucasian,No,
1,instructions,Yes,2,6,6,6,6,6,6,6,6,6,6,anything and everything that the Democrat party does to destroy our world ,7,5,7,7,5,2,5,5,6.5,4.25,3,4,2,2,3,2.8,If the moral majority doesn't fight back against the politically corruption and evil then we are a doomed society.,Man,,Very conservative,,57,Spiritual but no religion,United States of America,White or Caucasian,No,
94,instructions,Yes,2,6,6,6,6,6,6,6,6,6,6,systemic racism and sexism,6,6,6,6,1,1,1,1,6,1,2,2,2,2,2,2,"True, moral progress would not occur without everyone in society putting work into making the world better",Man,,Moderate,,25,Other,United States of America,White or Caucasian,No,agnostic
70,instructions,Yes,2,6,6,6,6,6,6,6,5,6,5.75,"Police brutality, racial inequality. i can't breathe",6,6,6,6,6,6,5,6,6,5.75,4,4,2,2,3,3,"To have morals we have to agree on a common factor as a society. Without society, we cannot have any morals. We have to actively work together to create the morals and then the progression will occur.",Woman,,Liberal,,37,Catholicism,United States of America,White or Caucasian,No,
28,instructions,Yes,2,6,6,6,6,3,6,6,6,6,5.25,"We have not come together as humans and stop killing and negativity with each other, we need to live in harmony and love to progress to better mind frame and living amoungst each other.",6,6,6,6,6,6,6,6,6,6,3,4,3,4,4,3.6,"Yes, because we need to come together in love and positivity so we can grow and learn from each other.",Woman,,Conservative,,33,Spiritual but no religion,United States of America,White or Caucasian,No,
88,instructions,Yes,2,7,6,5,6,5,6,4,6,6,5.25,overturning roe decision ,4,5,4,4,4,2,4,4,4.25,3.5,4,3,3,3,3,3.2,"its people living out morals, so they're the ones taking actions",Woman,,Liberal,,31,Catholicism,United States of America,White or Caucasian,No,
96,instructions,Yes,2,7,5,6,6,5,6,5,5,6,5.25,The election of better politicians who don't have people's best interest in mind. Politicians who are only looking out for themselves,6,6,5,5,4,2,2,3,5.5,2.75,3,4,2,3,2,2.8,"I believe that action has to be taken in order for things to improve. Take the civil rights movement. If people had not taken action, nothing would have changed. It takes people action to improve the morality of a country",Man,,Liberal,,27,Non-denominational Christianity,United States of America,White or Caucasian,No,
122,instructions,Yes,2,6,6,6,6,6,5,5,5,6,5.25,People's views on the LGBTQ+ community and the acts of violence that have been occurring against them,7,7,7,6,2,2,2,3,6.75,2.25,4,4,2,2,3,3,Yes. I think we have the ability to work with others to change their views and move toward a more progressive society.,Woman,,Very liberal,,24,Non-denominational Christianity,United States of America,"White or Caucasian,Black or African American",No,
71,instructions,Yes,2,6,6,6,6,4,6,5,5,6,5,The war in Ukraine,5,5,3,3,4,4,4,4,4,4,4,3,1,4,2,2.8,"It won't occur on its own and if God exists, God would leave it up to us to make moral progress.",Man,,Liberal,,68,Episcopalian,United States of America,White or Caucasian,No,
36,instructions,Yes,2,6,5,7,6,5,6,5,3,6,4.75,Recent changes to US legislation regarding womens rights and their right to make healthcare choices for their own bodies,6,6,5,5,1,1,1,1,5.5,1,3,2,1,1,2,1.8,"I think as a whole moral progress will continue to occur over time. That said, this is based on the work of individuals in our society that continue to push it forward. As life improves and gets easier for more and more of the population (which it should as we discover advancements) then this will allow more people to make decisions with morals in mind. Those that are just trying to survive in our world do not always have the luxury to choose the moral option. We need people to continue to advance society for those that are struggling, and we need people to continue to protest and push for social justice so we can create change.",Woman,,Liberal,,35,Atheism,United States of America,White or Caucasian,Yes,
77,instructions,Yes,2,6,6,6,6,6,6,2,5,6,4.75,How some states are trying to block or stop trans kids from existing. ,6,6,6,6,1,1,1,2,6,1.25,3,5,2,3,1,2.8,Because people have to work together to change something otherwise things would stay the same. ,Woman,,Very liberal,,42,Catholicism,United States of America,"White or Caucasian,Black or African American,Other",Yes,
65,instructions,Yes,2,6,6,6,6,3,5,5,5,6,4.5,black inequality,6,6,6,5,6,5,4,4,5.75,4.75,4,5,2,3,4,3.6,yes.  There is good and evil in this world and in order to overcome bad things happening people need to group together and make good moral judgements so that it will prevail.,Woman,,Moderate,,71,Congregationalism,United States of America,White or Caucasian,No,
72,instructions,Not sure,1,6,6,6,6,4,5,4,5,6,4.5,"There is no ""one"" thing. It's a general rise in hate crimes that keep occurring.",5,5,4,4,3,3,3,3,4.5,3,1,1,1,1,1,1,"People are in control of morality. A persons choice in how to behave, is what drives moral conduct.",Woman,,Liberal,,60,Agnosticism,United States of America,White or Caucasian,No,
78,instructions,Not sure,1,6,6,6,6,4,5,4,5,6,4.5,Donald Trump becoming president in 2016.,7,6,6,6,7,5,6,6,6.25,6,4,5,2,5,5,4.2,Yes because we all set examples for each other and for future generations.,Woman,,Moderate,,45,Other,United States of America,Native Hawaiian or Other Pacific Islander,No,Christian
86,instructions,Yes,2,6,6,6,6,3,3,4,5,6,3.75,"The election of Donald Trump as President, Russia's invasion of Ukraine",5,5,4,2,1,1,1,1,4,1,1,2,1,1,1,1.2,"Yes, I do believe this to be true. Unfortunately, many religious groups and the far right spew hatred towards minorities and are just emotionally nd morally devoid. If there were not people actively working against them and attempting to make the world better then their view points would permeate throughout society. ",Man,,Very liberal,,28,Agnosticism,United States of America,White or Caucasian,No,
110,instructions,Yes,2,7,6,6,5,4,5,2,4,6,3.75,The anti-trans movement in the United States.,7,5,5,5,1,1,1,1,5.5,1,2,1,2,1,1,1.4,"Nothing improves without someone deciding it could be better.  Whether it is something physical or something abstract (morality).  It is only through people's attempts at improving society, that society gets better.",Man,,Very liberal,,47,Agnosticism,United States of America,White or Caucasian,No,
131,instructions,Yes,2,6,6,6,6,4,7,2,2,6,3.75,Donald Trump has revived racism and sexism in the United States.  He made it socially acceptable to be racist and sexist. This is a major set back for the citizens of the US,5,5,5,3,1,1,1,1,4.5,1,1,1,1,1,1,1,Yes I believe this is true. I believe people are born with morals and as they get older they learn their prejudices. We need to work to remove these prejudices.,Man,,Liberal,,45,Atheism,United States of America,White or Caucasian,No,
133,instructions,Not sure,1,7,6,5,6,3,4,4,3,6,3.5,not sure ,6,5,5,5,5,5,4,4,5.25,4.5,4,5,2,3,3,3.4,if no one is trying to improve how are we going to get better?,Man,,Conservative,,36,Baptist,United States of America,White or Caucasian,No,
61,instructions,Not sure,1,7,6,5,6,1,5,2,5,6,3.25,The Russian invasion of Ukraine,5,3,2,5,6,4,5,2,3.75,4.25,4,4,4,4,3,3.8,"Yes, because I think that most base instincts are to protect one's self to the detriment of others- we have to actively engage in discussions that promote goodwill and understanding",Woman,,Moderate,,32,Catholicism,United States of America,White or Caucasian,No,
16,instructions,Yes,2,7,7,7,3,7,3,1,1,6,3,Overturning of roe vs wade,7,5,5,4,1,1,1,1,5.25,1,1,1,1,1,1,1,"systems of entitlement, religion, racism, sexism, etc. do not change without people questioning them",Man,,Liberal,,38,Atheism,United States of America,White or Caucasian,No,
82,instructions,Not sure,1,5,6,6,7,2,4,4,2,6,3,Donald Trump lied about many things to become president and while he was president. ,5,5,4,4,2,4,1,1,4.5,2,1,5,1,4,4,3,"I believe this is true because many people seem to be driven by greed and power. Without the work of others to insure that moral progress is happening, the greedy and unethical people will take advantage of others to secure and maintain power.",Woman,,Liberal,,49,Spiritual but no religion,United States of America,White or Caucasian,No,
123,instructions,Yes,2,6,6,6,6,2,5,1,4,6,3,The recent legal  bans on gender affirming care for young people in several US states,5,4,4,4,1,1,1,1,4.25,1,2,1,1,1,1,1.2,"Yes. Morality is entirely created by people, and codified by the choices they make. So moral progress can only occur if people make choices, and act on them. And progress is a matter of more people seeing a different way to act, which only happens if some people work actively to spread that view/knowledge/ruleset.",Woman,,Liberal,,46,Atheism,United States of America,White or Caucasian,No,
124,instructions,Not sure,1,7,5,5,7,1,5,2,1,6,2.25,The move toward equity and away from equal opportunity.,7,7,5,5,1,1,1,1,6,1,3,2,2,1,2,2,I think moral progress can occur without actively working toward it but is more likely to occur if it is actively worked toward.,Man,,Conservative,,67,Methodist,United States of America,White or Caucasian,No,
67,instructions,Yes,2,6,7,7,5,6,6,6,6,6.25,6,Covid-19 has slowed down moral improvement or prevented it from happening.,7,7,5,5,7,7,7,7,6,7,5,5,5,5,5,5,"Yes, it is unquestionably true that people must actively and diligently work to improve the moral condition of the world.",Man,,Very liberal,,58,Islam,Bangladesh,Asian,No,
68,instructions,Yes,2,6,6,6,7,7,6,6,5,6.25,6,One example that comes to mind for me is George Floyd being held down by the police so hard and long that he passed away.,6,5,6,6,7,7,7,7,5.75,7,5,5,4,5,5,4.8,I believe this is true because when we are actively involved in an issue it keeps it relevant ,Woman,,Moderate,,67,Catholicism,United States of America,Black or African American,No,
132,instructions,Yes,2,7,6,5,7,6,6,6,6,6.25,6,Russia invading a neighboring country to control more territory. This resulted in a failed war with many lives loss and life-long enemies,1,3,4,3,4,4,3,4,2.75,3.75,2,4,1,2,2,2.2,"I believe all human naturally want a better life overall even when they have a great life. Having a better life includes having a safe, clean, and progressive environment with plenty of people sharing the goal to improve it",Man,,Liberal,,38,Spiritual but no religion,United States of America,Black or African American,No,
145,instructions,Yes,2,7,5,6,7,6,6,7,5,6.25,6,Russian attack on Ukraine,6,5,4,4,6,5,6,7,4.75,6,5,5,2,4,4,4,"This is true. Human life is about making choices. By making good choices, we contribute to making the world a better and more moral place..",Man,,Liberal,,69,Spiritual but no religion,United States of America,White or Caucasian,No,
134,instructions,Yes,2,6,6,6,7,5,6,6,5,6.25,5.5,9/11 was a substantial set back for moral progress. It shifted blame of many happenings on other countries as well as less trust in people in general.,5,6,4,5,2,1,2,1,5,1.5,2,2,1,1,1,1.4,"Yes, moral progress will only occur when people stand together for change. Revolution isn't the only way to make the world a better place from unethical standings. People's trust in doing what is right will always be one more step in the way of progress.",Man,,Liberal,,28,Agnosticism,United States of America,White or Caucasian,Yes,
35,instructions,Yes,2,7,6,5,7,5,7,5,4,6.25,5.25,Recent school shootings and mass shootings in general are setting moral progress back a good bit.  ,6,5,4,5,4,4,5,4,5,4.25,2,3,2,3,4,2.8,"I think if people do not behave in loving and caring ways, the world will not improve.  I think people can change the world for the better with kindness.  ",Man,,Moderate,,32,Baptist,United States of America,White or Caucasian,No,
2,instructions,Not sure,1,6,6,6,7,5,5,3,5,6.25,4.5,school shootings,5,4,5,2,5,4,4,5,4,4.5,3,5,3,2,4,3.4,"yes, i believe if no one sticks up for what is right then the bad will take over",Woman,,Moderate,,28,Non-denominational Christianity,United States of America,White or Caucasian,No,
95,instructions,Yes,2,6,6,6,7,4,6,4,4,6.25,4.5,George Floyd.  We have come so far with racial discrimination.  Who would ever thought that I'd see actual racial beatings in my lifetime.,6,6,6,4,7,6,4,6,5.5,5.75,3,5,3,5,5,4.2,This is true.  People and their beleifs and behaviors determine the progress of the world.,Woman,,Liberal,,51,Baptist,United States of America,"Black or African American,American Indian/Native American or Alaska Native",No,
119,instructions,Yes,2,7,5,7,6,5,6,3,4,6.25,4.5,When the Supreme Court overturned Roe v Wade,6,6,3,4,1,1,1,1,4.75,1,1,1,1,1,1,1,Yes. Things don't just get better on their own. It takes activits and sacrifice to push the bounds of what is acceptable (think Civil Rights Movement).,Man,,Very liberal,,26,Atheism,United States of America,White or Caucasian,No,
125,instructions,Yes,2,6,7,6,6,5,5,5,3,6.25,4.5,"I live in Florida and here there are many anti LGBTQ+ bills that are being passed, and to me that is definitely a set back in progress.",6,6,6,7,1,1,1,1,6.25,1,4,2,1,1,1,1.8,"Yes, I believe that progress doesn't just happen by itself, it takes people working hard and making sacrifices to see real progress.",Man,,Liberal,,35,Atheism,United States of America,"White or Caucasian,Black or African American,American Indian/Native American or Alaska Native",Yes,
141,instructions,No,0,7,6,5,7,4,5,4,5,6.25,4.5,Militarized police force. Some people have had their homes destroyed by swat teams that looked like combat units because criminals ran into their homes and blockaded themselves in. The community governments refuse to compensate the property owners. ,7,5,5,7,5,4,4,4,6,4.25,3,5,2,3,4,3.4,Yes. Be the change.,Woman,,Moderate,,57,Islam,United States of America,White or Caucasian,No,
38,instructions,Not sure,1,6,7,6,6,4,5,4,4,6.25,4.25,Roe v Wade court case.,6,5,5,5,3,3,4,3,5.25,3.25,1,3,1,1,3,1.8,I believe this is true because in the end people are the ones who consider if something is morally correct or not.,Man,,Liberal,,18,Catholicism,United States of America,Asian,No,
62,instructions,Yes,2,7,7,5,6,5,5,5,2,6.25,4.25,abortion ban,7,5,5,5,1,1,1,1,5.5,1,1,1,1,1,1,1,I do. It takes a big group of people to make others feel uncomfortable for progress. People tend to feel like they are losing rights by giving others rights.,Woman,,Very liberal,,38,Agnosticism,United States of America,White or Caucasian,No,
9,instructions,Yes,2,6,6,6,7,3,5,2,4,6.25,3.5,mainline right wing anti-black and anti-lgbt stances,5,6,5,5,1,1,1,1,5.25,1,3,2,1,1,1,1.6,"Yes and no, I believe this is two parts: one working to define a moral framework (this is subjective) and working to actualize that moral framework. That said, things need action in order to progress both socially and in policy. Otherwise they would stagnate. ",Woman,,Liberal,,24,Judaism,United States of America,White or Caucasian,No,
73,instructions,Yes,2,6,7,6,6,2,4,5,2,6.25,3.25,Laws allowing for the murdering of unborn children are the opposite of moral progress,7,6,6,6,5,6,5,2,6.25,4.5,3,5,4,5,2,3.8,Moral progress has slipped throughout history. People need to fight for it.,Man,,Very conservative,,36,Catholicism,United States of America,White or Caucasian,No,
150,instructions,Yes,2,7,6,6,6,3,5,3,2,6.25,3.25,"I am thinking of the storming of the Al-Aqsa Mosque by Israeli troops during services where Palestinians were worshiping during Ramadan services, resulting in hundreds of arrests and multiple injuries, at one of the holiest sites in Islam and also Judaism.  This obviously inflames historical tensions and strains moral cohesion in intercommunity relations, setting back the interests of both.",2,2,2,2,2,3,1,4,2,2.5,2,3,1,1,2,1.8,"I believe it is true, because people are fallible, as are communities and relations among them.  So although I believe that human beings are primarily inclined to be good and have moral sense, the exercise of morality and the concept of what that is, both in close relationships and with others (broadly speaking) presents challenges which are characteristic of the human condition also.  So this is something that people have to work on, more or less inevitably.  Also, it is consistent with human desires to make the world better that moral progress occurs.",Man,,Liberal,,54,Spiritual but no religion,United States of America,"White or Caucasian,Black or African American",No,
49,instructions,Not sure,1,6,7,5,7,2,4,2,2,6.25,2.5,war in Ukraine,5,5,5,5,1,1,1,1,5,1,3,2,1,1,1,1.6,People are responsible for moral progress. Only our actions can cause things to change.,Man,,Liberal,,43,Agnosticism,United States of America,White or Caucasian,No,
6,innstructions,Yes,2,7,6,7,6,6,7,7,6,6.5,6.5,Killing of innocent people by police officers.,5,5,5,5,6,4,5,5,5,5,3,5,4,4,3,3.8,I believe this is true because people drive change in the world in general. Things do not happen on their own.,Man,,Moderate,,33,Catholicism,United States of America,White or Caucasian,No,
48,instructions,Yes,2,7,6,7,6,5,6,5,6,6.5,5.5,Blocking abortion rights,5,5,5,6,1,1,1,5,5.25,2,3,5,1,2,4,3,I believe that all people are connected and if people do not actively work to help each other the world will not get better.,Woman,,Liberal,,66,Spiritual but no religion,United States of America,White or Caucasian,No,
53,instructions,Yes,2,6,7,7,6,5,6,5,5,6.5,5.25,Abortion rights being taken away by certain states.,7,6,5,5,1,1,1,1,5.75,1,3,2,1,1,1,1.6,"I think it's true. If people did not work to make the world better, there would be people out there working to make the world worse unimpeded.",Man,,Very liberal,,30,Agnosticism,United States of America,White or Caucasian,No,
31,instructions,Yes,2,6,7,7,6,6,6,2,5,6.5,4.75,The reversal of Roe v. Wade,6,6,5,5,1,1,1,1,5.5,1,3,2,1,1,2,1.8,"I believe this to be true because in instances where there is a large amount of moral progress there is always a group of people that has to fight, whether peacefully or not, against the group that wishes to keep things immoral. Without those groups fighting back, we allow ourselves to be at the mercy of those above us who legislate morality.",Man,,Very liberal,,20,Atheism,United States of America,White or Caucasian,No,
27,instructions,Yes,2,7,7,6,6,4,5,4,3,6.5,4,Trans people being harrased.,6,6,7,5,1,1,1,1,6,1,2,1,1,1,2,1.4,"If people are complacent, then the next generation will be too.",Man,,Liberal,,26,Atheism,United States of America,White or Caucasian,No,
15,instructions,Yes,2,6,7,6,7,2,7,2,4,6.5,3.75,I think politicians and people advocating for removing rights of minorities around the world is halting moral progress.,6,6,6,6,1,1,1,1,6,1,1,1,1,1,1,1,"I believe this is true since if no one is willing to look inwards and challenge their own beliefs, there is no reason to change them.",Non-binary,,Very liberal,,22,Atheism,United States of America,Other,Yes,
44,instructions,No,0,7,7,5,7,2,5,3,5,6.5,3.75,The invasion of the us capitol on jan 6 2021,7,6,7,7,2,1,2,2,6.75,1.75,2,3,1,2,1,1.8,It is up to humans to create a moral world,Woman,,Very liberal,,59,Agnosticism,United States of America,White or Caucasian,No,
75,instructions,Yes,2,7,7,5,7,2,5,3,5,6.5,3.75,My sister in law almost killed her kid because she was high on drugs that was 2 years ago and hercourt date keeps getting pushed back. No justice. ,6,6,6,6,6,6,7,3,6,5.5,3,5,5,5,5,4.6,"Yes. Humans are at the top of the food chain if we don't make this world better, who will?",Man,,Liberal,,32,Catholicism,United States of America,White or Caucasian,No,
55,instructions,Not sure,1,7,7,6,6,3,5,3,3,6.5,3.5,I learned today that the Senate failed to advance the Equal Rights Amendment resolution ,7,6,6,7,1,1,1,1,6.5,1,3,2,2,3,3,2.6,"People need to work to make others aware of situations in which injustices are occurring. If no one does this, then it is difficult to gain support for something to be done. People, tend to live in their own private bubbles, and only worry about what affects them personally.",Woman,,Liberal,,49,Agnosticism,United States of America,White or Caucasian,No,
117,instructions,Yes,2,7,7,6,6,2,6,2,1,6.5,2.75,The constant oppressive legislation being passed in Florida against LGBTQ+ individuals ,7,6,5,6,1,1,1,1,6,1,3,1,1,1,1,1.4,I believe it is true because if people do nothing then people in power will take advantage of others because there are no consequences.,Man,,Liberal,,25,Atheism,United States of America,Other,Yes,
46,instructions,No,0,7,6,6,7,4,2,1,2,6.5,2.25,Doctors that are doing surgery on children to remove body parts to make them the gender they want to be.,7,6,7,7,7,6,7,7,6.75,6.75,5,5,5,5,5,5,This is true because even though people have free will we as humans must stay moral and teach others to be morel. ,Woman,,Conservative,,47,Methodist,United States of America,White or Caucasian,No,
107,instructions,Not sure,1,6,7,7,6,1,4,2,2,6.5,2.25,"Moving backwards on transgender rights by various ""red"" states.",7,7,6,7,1,1,1,1,6.75,1,2,3,1,2,1,1.8,"Nothing happens magically.  For any progress, moral or otherwise, people have to take action.  It is much easier to be morally bad than morally good, because often moral goodness means making personal sacrifice of some sort.  So it takes a concerted effort to make the world better.",Woman,,Liberal,,58,Catholicism,United States of America,White or Caucasian,No,
108,instructions,Not sure,1,7,6,6,7,2,2,2,3,6.5,2.25,"The shootings in Nashville, Uvalde among others are an example of things that prevent us from ascending to a higher morality. We are valuing firearms more than the senseless murders of innocent people. I think there is a balance to be struck between allowing gun ownership and making mass shootings a rarity at least. However, there are many who do not want to compromise on the issue. Therefore, we keep having these incidents where innocent people including children die.",7,5,6,5,2,1,1,1,5.75,1.25,2,2,1,2,2,1.8,"Religion has been used to justify some heinous acts. So, I believe it is people who need to take control  and improve the world around us. I think we should help ourselves and take responsibility for things rather than being passive. Even if you believe in God, there are choices that you have to make to ""good"" instead of ""evil"".",Woman,,Liberal,,45,Agnosticism,United States of America,White or Caucasian,No,
30,instructions,Yes,2,7,6,7,7,7,6,7,4,6.75,6,abortion restrictions,5,5,3,4,4,1,4,4,4.25,3.25,4,4,3,3,4,3.6,"Yes, people are driven to work for a better world through their experiences and own stories",Woman,,Very liberal,,33,Other,United States of America,White or Caucasian,No,
126,instructions,Yes,2,6,7,7,7,5,6,5,5,6.75,5.25,Many states making voting more difficult for minorities and poor citizens.,7,7,6,6,1,2,2,1,6.5,1.5,2,4,2,2,3,2.6,"There are forces both for and against moral progress. If those for it do not engage, then the forces against it will prevail.",Man,,Liberal,,57,Baptist,United States of America,White or Caucasian,No,
59,instructions,Yes,2,6,7,7,7,6,6,2,5,6.75,4.75,"One recent example of when moral progress has not occurred is the surge in anti-Asian hate crimes and incidents that have occurred in the United States and other countries in the wake of the COVID-19 pandemic. Despite decades of progress in promoting equality and diversity, the pandemic has fueled a rise in xenophobic and racist attitudes towards people of Asian descent, with many individuals being unfairly blamed and scapegoated for the spread of the virus.",6,7,5,5,1,1,1,1,5.75,1,1,1,1,1,1,1,"If people do not push for progress nothing will ever be done.  Look through history, progress comes from the bottom up more times than not.",Man,,Liberal,,39,Atheism,United States of America,White or Caucasian,No,
87,instructions,Yes,2,7,7,6,7,3,6,3,5,6.75,4.25,there continues to be school shootings and no justice can really be served from that.,5,6,5,6,1,1,1,1,5.5,1,1,1,1,1,1,1,"I believe that this is true because if we do not try to make the world better than it can only go in the other direciton, which is worse.",Man,,Conservative,,27,Atheism,United States of America,White or Caucasian,No,
20,instructions,No,0,7,6,7,7,2,5,2,6,6.75,3.75,The riots of January 6 2021 on the Capital.,6,3,4,4,6,4,4,6,4.25,5,3,5,2,3,3,3.2,"Morality is something that does not automatically occur.  The act of being moral requires the desire, commitment, and determination to think and act morally.",Man,,Liberal,,49,Baptist,United States of America,Black or African American,No,
24,instructions,Not sure,1,6,7,7,7,4,4,3,4,6.75,3.75,The Supreme Court of the US overturning Roe v Wade,5,6,5,6,1,1,1,1,5.5,1,1,1,1,1,1,1,The natural state of the human mind is one of superstition and barbarism.  An enlightened altruistic world requires active effort and cultivated secular morality to achieve.,Man,,Very liberal,,37,Atheism,United States of America,White or Caucasian,No,
69,instructions,Yes,2,7,7,7,7,5,7,7,7,7,6.5,the supreme court tossing roe v wade,7,6,6,5,1,2,1,3,6,1.75,3,3,2,2,3,2.6,"Yes, people need to strive to improve bad situations. The result otherwise is inertia. Things just keep going the way they did in the past. ",Woman,,Very liberal,,65,Buddhism,United States of America,White or Caucasian,No,
17,instructions,Yes,2,7,7,7,7,5,6,7,4,7,5.5,Trying to stop women's reproductive rights. ,7,6,7,3,5,1,2,4,5.75,3,4,4,3,4,3,3.6,"Yes, I believe this is true. I don't think moral progress just happens in fact it takes people who critically think about a situation and then start to talk about it with others to make these changes. People need to take action for change to occur it doesn't just happen out of the sky. Those voices and actions are what gets people to think further and then help with changes.",Woman,,Very liberal,,31,Catholicism,United States of America,White or Caucasian,No,
18,instructions,Yes,2,7,7,7,7,1,7,1,7,7,4,Roe v Wade being overturned.,7,7,7,7,1,1,1,1,7,1,2,5,1,2,3,2.6,"Yes, because it is people that decide what is considered moral, and can change that at any time.",Woman,,Moderate,,25,Non-denominational Christianity,United States of America,Black or African American,No,
92,instructions,No,0,7,7,7,7,4,4,4,4,7,4,Multiple US States adopting/signing bill to ban gender affirming care for youth,7,7,4,1,7,7,7,7,4.75,7,5,5,5,5,5,5,"Yes, we have to put active effort into making decisions between right and wrong as well as choosing to step up and step in when we see injustices happening. When we see someone or something being morally subdued and stripped of even basic human rights, if we don't say anything or do anything, then we are just as guilty as the ones doing the persecuting. ",Woman,,Moderate,,34,Non-denominational Christianity,United States of America,White or Caucasian,No,
128,instructions,Yes,2,7,7,7,7,2,5,4,2,7,3.25,Abortion rights and the right of people born female to have bodily autonomy are being stripped away by certain government officials in the USA.,4,7,4,5,1,1,1,1,5,1,4,2,1,2,3,2.4,"Yes, this is true because if we don't take action, then the action of others is what occurs. Progress is something that has to be maintained or else those who oppose it will have their way and dissolve progress. It all goes back to the tolerance paradox, where tolerating intolerance leads to intolerance. Our actions and inactions always have consequences whether good or bad. Taking a back seat puts someone else in the driver's seat. No matter spirituality, action is what gets things done.",Non-binary,,Very liberal,,34,Spiritual but no religion,United States of America,White or Caucasian,No,
3,instructions,Not sure,1,7,7,7,7,2,4,2,2,7,2.5,"Restricting access to healthcare based on a person's gender expression, child bearing capacity, and citizenship status",7,7,7,7,4,1,2,4,7,2.75,5,5,5,5,4,4.8,Yes I believe this is true because without active work moral progress becomes nothing more then an easily ignored empty slogan ,Woman,,Very liberal,,51,Islam,United States of America,White or Caucasian,No,
